coin,symbol,price,24h_volume,date,mkt_cap,,,
Bitcoin,BTC,40859.46,35390763321,2014-02-16 00:00:00 UTC,7.70991E+11,,,
Ethereum,ETH,2744.41,19748695312,2014-02-17 00:00:00 UTC,3.27104E+11,,,
Tether,USDT,1,57934969077,2014-02-18 00:00:00 UTC,79965155138,,,
BNB,BNB,383.43,1395853984,2014-02-19 00:00:00 UTC,64043816800,,,
USD Coin,USDC,0.999874,3872273611,2014-02-20 00:00:00 UTC,52222137400,,,
XRP,XRP,0.785018,3925204682,2014-02-21 00:00:00 UTC,37530785877,,,
Terra,LUNA,89.51,2661508267,2014-02-22 00:00:00 UTC,32945963147,,,
Solana,SOL,85.61,1776167313,2014-02-23 00:00:00 UTC,27535891424,,,
Cardano,ADA,0.824161,950718327,2014-02-24 00:00:00 UTC,26331888060,,,
Polkadot,DOT,18.55,762198942,2014-02-25 00:00:00 UTC,20175265447,,,
Avalanche,AVAX,73.69,866838890,2014-02-26 00:00:00 UTC,19563622731,,,
Binance USD,BUSD,1,4039490120,2014-02-27 00:00:00 UTC,17975175881,,,
Dogecoin,DOGE,0.11566,451839687,2014-02-28 00:00:00 UTC,15312260998,,,
TerraUSD,UST,1,742209053,2014-03-01 00:00:00 UTC,15025463384,,,
Shiba Inu,SHIB,2.24E-05,546344871,2014-03-02 00:00:00 UTC,12186102832,,,
Wrapped Bitcoin,WBTC,40820.44,443045583,2014-03-03 00:00:00 UTC,11077637101,,,
Cronos,CRO,0.401575,99233479,2014-03-04 00:00:00 UTC,10108572460,,,
Polygon,MATIC,1.44,665458992,2014-03-05 00:00:00 UTC,9860943646,,,
Dai,DAI,0.999429,311112491,2014-03-06 00:00:00 UTC,9375312310,,,
Cosmos Hub,ATOM,28.8,784802946,2014-03-07 00:00:00 UTC,8346059118,,,
Litecoin,LTC,109.44,735718470,2014-03-08 00:00:00 UTC,7629784997,,,
Lido Staked Ether,STETH,2745.31,20327033,2014-03-09 00:00:00 UTC,6972219575,,,
Near,NEAR,10.61,402450393,2014-03-10 00:00:00 UTC,6885969777,,,
Chainlink,LINK,14.41,720924698,2014-03-11 00:00:00 UTC,6696893329,,,
TRON,TRX,0.060751876,608305288,2014-03-12 00:00:00 UTC,6139215131,,,
FTX Token,FTT,42.37,91093038,2014-03-13 00:00:00 UTC,5803217982,,,
Bitcoin Cash,BCH,295.57,1378527955,2014-03-14 00:00:00 UTC,5613130722,,,
LEO Token,LEO,5.97,831673,2014-03-15 00:00:00 UTC,5547865232,,,
OKB,OKB,19.05,180398248,2014-03-16 00:00:00 UTC,4944831000,,,
Algorand,ALGO,0.731009,151572159,2014-03-17 00:00:00 UTC,4824820884,,,
Stellar,XLM,0.186969,257508818,2014-03-18 00:00:00 UTC,4584325546,,,
Uniswap,UNI,9.05,188489995,2014-03-19 00:00:00 UTC,4103226435,,,
Hedera,HBAR,0.200008,65559083,2014-03-20 00:00:00 UTC,3922919996,,,
Axie Infinity,AXS,50.46,288996469,2014-03-21 00:00:00 UTC,3733676299,,,
Decentraland,MANA,2.43,481292822,2014-03-22 00:00:00 UTC,3652548066,,,
Ethereum Classic,ETC,26.93,315618129,2014-03-23 00:00:00 UTC,3573077723,,,
Elrond,EGLD,162.55,318813970,2014-03-24 00:00:00 UTC,3550487729,,,
The Sandbox,SAND,3.08,989130040,2014-03-25 00:00:00 UTC,3486478110,,,
Internet Computer,ICP,16.26,158065484,2014-03-26 00:00:00 UTC,3447698400,,,
Monero,XMR,189.34,251596905,2014-03-27 00:00:00 UTC,3416516046,,,
cETH,CETH,53.71,1088.54,2014-03-28 00:00:00 UTC,3191011869,,,
VeChain,VET,0.047848055,283498801,2014-03-29 00:00:00 UTC,3172681612,,,
Fantom,FTM,1.22,1173101401,2014-03-30 00:00:00 UTC,3072929159,,,
Filecoin,FIL,17.27,264401106,2014-03-31 00:00:00 UTC,3052322720,,,
Osmosis,OSMO,9.39,94042665,2014-04-01 00:00:00 UTC,3040277019,,,
Klaytn,KLAY,1.1,57133059,2014-04-02 00:00:00 UTC,3034567731,,,
Frax,FRAX,0.998392,18194194,2014-04-03 00:00:00 UTC,2866968260,,,
Waves,WAVES,28.62,1508088374,2014-04-04 00:00:00 UTC,2862185867,,,
Theta Network,THETA,2.82,118835496,2014-04-05 00:00:00 UTC,2798708447,,,
Magic Internet Money,MIM,0.997676,44641451,2014-04-06 00:00:00 UTC,2784271477,,,
The Graph,GRT,0.440816,388652958,2014-04-07 00:00:00 UTC,2731591470,,,
Tezos,XTZ,3.05,114838106,2014-04-08 00:00:00 UTC,2665887669,,,
cUSDC,CUSDC,0.022533007,41.83,2014-04-09 00:00:00 UTC,2449140377,,,
Helium,HNT,21.72,22415718,2014-04-10 00:00:00 UTC,2183873719,,,
THORChain,RUNE,7.23,297836092,2014-04-11 00:00:00 UTC,2165143023,,,
EOS,EOS,2.06,337828464,2014-04-12 00:00:00 UTC,2019196307,,,
ECOMI,OMI,0.003406821,3444049,2014-04-13 00:00:00 UTC,1976983567,,,
IOTA,MIOTA,0.712336,26950213,2014-04-14 00:00:00 UTC,1976598984,,,
cDAI,CDAI,0.02189579,93.89,2014-04-15 00:00:00 UTC,1942222665,,,
Flow,FLOW,5.43,57457444,2014-04-16 00:00:00 UTC,1923544184,,,
Theta Fuel,TFUEL,0.162482,16105407,2014-04-17 00:00:00 UTC,1886178774,,,
Aave,AAVE,137.44,282336331,2014-04-18 00:00:00 UTC,1862097786,,,
Zcash,ZEC,148.94,276825707,2014-04-19 00:00:00 UTC,1801878133,,,
Maker,MKR,1982.58,92847731,2014-04-20 00:00:00 UTC,1772467945,,,
JUNO,JUNO,38.35,11491328,2014-04-21 00:00:00 UTC,1747597737,,,
Gala,GALA,0.227781,551763058,2014-04-22 00:00:00 UTC,1714837250,,,
BitTorrent,BTT,1.81E-06,87836205,2014-04-23 00:00:00 UTC,1675881629,,,
Arweave,AR,32.52,50636342,2014-04-24 00:00:00 UTC,1637697784,,,
Huobi BTC,HBTC,41217.27,190002,2014-04-25 00:00:00 UTC,1637583015,,,
PancakeSwap,CAKE,5.57,104112686,2014-04-26 00:00:00 UTC,1530696417,,,
Quant,QNT,112.58,23727064,2014-04-27 00:00:00 UTC,1505335556,,,
Harmony,ONE,0.127445,75144435,2014-04-28 00:00:00 UTC,1499937034,,,
eCash,XEC,7.93E-05,37446216,2014-04-29 00:00:00 UTC,1497455570,,,
Bitcoin SV,BSV,77.11,135219354,2014-04-30 00:00:00 UTC,1461042552,,,
NEO,NEO,20.13,148274906,2014-05-01 00:00:00 UTC,1406977569,,,
TrueUSD,TUSD,1,114862495,2014-05-02 00:00:00 UTC,1404670246,,,
Huobi Token,HT,8.98,32112940,2014-05-03 00:00:00 UTC,1392164927,,,
KuCoin Token,KCS,18.41,8578734,2014-05-04 00:00:00 UTC,1390455505,,,
Celsius Network,CEL,3.18,3927635,2014-05-05 00:00:00 UTC,1346075894,,,
Stacks,STX,1.26,44370134,2014-05-06 00:00:00 UTC,1317492670,,,
Humans.ai,HEART,0.044270475,1852838,2014-05-07 00:00:00 UTC,1309127902,,,
Enjin Coin,ENJ,1.4,133821819,2014-05-08 00:00:00 UTC,1300650179,,,
Basic Attention Token,BAT,0.822605,324813983,2014-05-09 00:00:00 UTC,1223583998,,,
NEXO,NEXO,2.19,4583402,2014-05-10 00:00:00 UTC,1222563065,,,
Amp,AMP,0.025036138,8084731,2014-05-11 00:00:00 UTC,1198878147,,,
Radix,XRD,0.121859,215995,2014-05-12 00:00:00 UTC,1198319388,,,
Kusama,KSM,126.84,65896976,2014-05-13 00:00:00 UTC,1132594631,,,
Celo,CELO,2.52,46620149,2014-05-14 00:00:00 UTC,1074226736,,,
Kadena,KDA,6.23,58659719,2014-05-15 00:00:00 UTC,1061714057,,,
Chiliz,CHZ,0.198241,109408277,2014-05-16 00:00:00 UTC,1049331415,,,
Dash,DASH,97.64,245449241,2014-05-17 00:00:00 UTC,1035525179,,,
Frax Share,FXS,17.92,4834916,2014-05-18 00:00:00 UTC,1031430071,,,
Pax Dollar,USDP,0.999025,57639449,2014-05-19 00:00:00 UTC,994783973,,,
BitDAO,BIT,1.12,54570658,2014-05-20 00:00:00 UTC,993438990,,,
GateToken,GT,6.52,7695401,2014-05-21 00:00:00 UTC,979761512,,,
Convex Finance,CVX,18.29,45253981,2014-05-22 00:00:00 UTC,979304335,,,
Synthetix Network Token,SNX,4.24,63349615,2014-05-23 00:00:00 UTC,903998693,,,
Xido Finance,XIDO,30.86,1464061,2014-05-24 00:00:00 UTC,893636559,,,
Loopring,LRC,0.710702,112235393,2014-05-25 00:00:00 UTC,881663508,,,
NEM,XEM,0.098240606,20866042,2014-05-26 00:00:00 UTC,879585159,,,
Anchor Protocol,ANC,3.1,107525684,2014-05-27 00:00:00 UTC,807556039,,,
Oasis Network,ROSE,0.227889,65843862,2014-05-28 00:00:00 UTC,794382929,,,
Curve DAO Token,CRV,2.02,150926378,2014-05-29 00:00:00 UTC,791197822,,,
Decred,DCR,56.87,25032753,2014-05-30 00:00:00 UTC,787162797,,,
cUSDT,CUSDT,0.021768404,8111.5,2014-05-31 00:00:00 UTC,775425368,,,
Secret,SCRT,4.61,19871872,2014-06-01 00:00:00 UTC,763750478,,,
LINK,LN,129.46,1207902,2014-06-02 00:00:00 UTC,759436472,,,
Mina Protocol,MINA,1.81,70360743,2014-06-03 00:00:00 UTC,756143474,,,
Holo,HOT,0.004147966,63199499,2014-06-04 00:00:00 UTC,734353201,,,
Compound,COMP,109.58,40756551,2014-06-05 00:00:00 UTC,726097698,,,
IoTeX,IOTX,0.076638518,91722669,2014-06-06 00:00:00 UTC,717099434,,,
Bitkub Coin,KUB,7.89,2193655,2014-06-07 00:00:00 UTC,698922310,,,
Neutrino USD,USDN,1,15319422,2014-06-08 00:00:00 UTC,687954763,,,
yearn.finance,YFI,18982.86,81875140,2014-06-09 00:00:00 UTC,678377900,,,
Nexus Mutual,NXM,92.51,1909.73,2014-06-10 00:00:00 UTC,633750394,,,
XDC Network,XDC,0.050635432,9930593,2014-06-11 00:00:00 UTC,616292915,,,
1inch,1INCH,1.5,120457113,2014-06-12 00:00:00 UTC,616145134,,,
WAX,WAXP,0.274089,26837225,2014-06-13 00:00:00 UTC,615219740,,,
Smooth Love Potion,SLP,0.016547553,99341158,2014-06-14 00:00:00 UTC,614525601,,,
Qtum,QTUM,5.95,79032386,2014-06-15 00:00:00 UTC,612948390,,,
PAX Gold,PAXG,1935.78,30748651,2014-06-16 00:00:00 UTC,611668819,,,
Sushi,SUSHI,3.12,132202954,2014-06-17 00:00:00 UTC,603245561,,,
renBTC,RENBTC,40555.22,14829115,2014-06-18 00:00:00 UTC,602582895,,,
Livepeer,LPT,23.82,11291907,2014-06-19 00:00:00 UTC,589774119,,,
Ankr,ANKR,0.072181813,40789205,2014-06-20 00:00:00 UTC,587511707,,,
Bancor Network Token,BNT,2.29,26117403,2014-06-21 00:00:00 UTC,583581643,,,
Pocket Network,POKT,0.699085,974551,2014-06-22 00:00:00 UTC,580439408,,,
Marinade staked SOL,MSOL,88.63,18662090,2014-06-23 00:00:00 UTC,578275391,,,
OMG Network,OMG,4.11,106689838,2014-06-24 00:00:00 UTC,574825195,,,
Zilliqa,ZIL,0.041008132,37965285,2014-06-25 00:00:00 UTC,571307984,,,
SafeMoon,SFM,0.001028389,406894,2014-06-26 00:00:00 UTC,566255393,,,
Render Token,RNDR,2.43,23720000,2014-06-27 00:00:00 UTC,560228533,,,
Fei USD,FEI,1,10254055,2014-06-28 00:00:00 UTC,557210659,,,
Gnosis,GNO,298.83,2883611,2014-06-29 00:00:00 UTC,553256284,,,
ICON,ICX,0.753601,45059623,2014-06-30 00:00:00 UTC,549632622,,,
Ravencoin,RVN,0.051804162,19390191,2014-07-01 00:00:00 UTC,538520749,,,
IOST,IOST,0.02256876,35343794,2014-07-02 00:00:00 UTC,517770891,,,
Bitcoin Gold,BTG,29.74,9146317,2014-07-03 00:00:00 UTC,517358240,,,
Kava,KAVA,3.16,22753924,2014-07-04 00:00:00 UTC,504959645,,,
UMA,UMA,7.74,46067620,2014-07-05 00:00:00 UTC,503487995,,,
OEC Token,OKT,32.27,5163788,2014-07-06 00:00:00 UTC,488521386,,,
Songbird,SGB,0.062799688,2629530,2014-07-07 00:00:00 UTC,486741272,,,
e-Radix,EXRD,0.122181,2588295,2014-07-08 00:00:00 UTC,484119330,,,
Velas,VLX,0.213154,4105033,2014-07-09 00:00:00 UTC,483094532,,,
Rocket Pool,RPL,30.03,578038,2014-07-10 00:00:00 UTC,480593962,,,
Tether Gold,XAUT,1950.12,3689853,2014-07-11 00:00:00 UTC,480346972,,,
Moonbeam,GLMR,2.38,37324761,2014-07-12 00:00:00 UTC,476681084,,,
Sapphire,SAPP,0.564647,432768,2014-07-13 00:00:00 UTC,470978131,,,
Horizen,ZEN,38.73,29127070,2014-07-14 00:00:00 UTC,469969529,,,
WOO Network,WOO,0.492556,60339780,2014-07-15 00:00:00 UTC,467152311,,,
Liquity USD,LUSD,1,3222808,2014-07-16 00:00:00 UTC,464727068,,,
Golem,GLM,0.465346,15905189,2014-07-17 00:00:00 UTC,464458665,,,
Rally,RLY,0.180078,3356848,2014-07-18 00:00:00 UTC,464413872,,,
Baby Doge Coin,BABYDOGE,2.86E-09,10651029,2014-07-19 00:00:00 UTC,452640717,,,
Audius,AUDIO,0.735289,7909768,2014-07-20 00:00:00 UTC,447883958,,,
Siacoin,SC,0.008880297,12295120,2014-07-21 00:00:00 UTC,446937901,,,
Metis Token,METIS,146.38,38905039,2014-07-22 00:00:00 UTC,436965500,,,
Ontology,ONT,0.499727,30824913,2014-07-23 00:00:00 UTC,433758425,,,
0x,ZRX,0.509791,29309302,2014-07-24 00:00:00 UTC,427933388,,,
APENFT,NFT,1.52E-06,69002807,2014-07-25 00:00:00 UTC,421365369,,,
SKALE,SKL,0.12635,11283316,2014-07-26 00:00:00 UTC,407687711,,,
SwissBorg,CHSB,0.428284,1063375,2014-07-27 00:00:00 UTC,403883855,,,
dYdX,DYDX,4.64,95015055,2014-07-28 00:00:00 UTC,396760804,,,
Dogelon Mars,ELON,7.24E-07,10950097,2014-07-29 00:00:00 UTC,394017729,,,
Olympus,OHM,28.12,3529301,2014-07-30 00:00:00 UTC,390854092,,,
Constellation,DAG,0.152116,1019712,2014-07-31 00:00:00 UTC,382521151,,,
Synapse,SYN,2.17,9229483,2014-08-01 00:00:00 UTC,380868743,,,
Immutable X,IMX,1.57,87629552,2014-08-02 00:00:00 UTC,365315958,,,
Convex CRV,CVXCRV,1.95,96902.91,2014-08-03 00:00:00 UTC,364340007,,,
Everdome,DOME,0.042328407,44769576,2014-08-04 00:00:00 UTC,363656510,,,
Gemini Dollar,GUSD,1,3181078,2014-08-05 00:00:00 UTC,355825684,,,
JUST,JST,0.048936164,74944693,2014-08-06 00:00:00 UTC,355779812,,,
Decentralized Social,DESO,33.97,768392,2014-08-07 00:00:00 UTC,354095011,,,
Polymath,POLY,0.384838,12205658,2014-08-08 00:00:00 UTC,344258737,,,
NuCypher,NU,0.419373,4321357,2014-08-09 00:00:00 UTC,342894249,,,
REN,REN,0.338855,41048178,2014-08-10 00:00:00 UTC,337192089,,,
Keep Network,KEEP,0.609779,2299639,2014-08-11 00:00:00 UTC,333366751,,,
Illuvium,ILV,519.92,11072513,2014-08-12 00:00:00 UTC,332435430,,,
Flux,FLUX,1.43,15489371,2014-08-13 00:00:00 UTC,330216558,,,
Ethereum Name Service,ENS,14.05,39284120,2014-08-14 00:00:00 UTC,326307175,,,
Hive,HIVE,0.869127,12455971,2014-08-15 00:00:00 UTC,322775766,,,
Lido DAO,LDO,2.98,4675420,2014-08-16 00:00:00 UTC,321983024,,,
STEPN,GMT,0.534126,1013704817,2014-08-17 00:00:00 UTC,318571623,,,
Spell Token,SPELL,0.003547902,27285439,2014-08-18 00:00:00 UTC,317144040,,,
Nervos Network,CKB,0.010554841,6162463,2014-08-19 00:00:00 UTC,316458006,,,
Kyber Network Crystal,KNC,3.06,40287449,2014-08-20 00:00:00 UTC,313785580,,,
FLEX Coin,FLEX,3.97,1326196326,2014-08-21 00:00:00 UTC,311600507,,,
HUSD,HUSD,0.999103,43235094,2014-08-22 00:00:00 UTC,310668205,,,
Ultra,UOS,1.15,8976424,2014-08-23 00:00:00 UTC,308351253,,,
ConstitutionDAO,PEOPLE,0.060612313,143678395,2014-08-24 00:00:00 UTC,307184638,,,
LooksRare,LOOKS,1.29,48697099,2014-08-25 00:00:00 UTC,306843547,,,
DeFi Kingdoms,JEWEL,4.16,11440253,2014-08-26 00:00:00 UTC,302825745,,,
Telcoin,TEL,0.004899527,2843059,2014-08-27 00:00:00 UTC,301743735,,,
Tomb,TOMB,1.18,14140774,2014-08-28 00:00:00 UTC,300452818,,,
Stargaze,STARS,0.401895,1726553,2014-08-29 00:00:00 UTC,300351592,,,
DigiByte,DGB,0.01966813,15693285,2014-08-30 00:00:00 UTC,297257419,,,
DigitalBits,XDB,0.389141,3821494,2014-08-31 00:00:00 UTC,296998483,,,
Syscoin,SYS,0.468329,12673226,2014-09-01 00:00:00 UTC,296323527,,,
Lisk,LSK,2.03,7600165,2014-09-02 00:00:00 UTC,293297599,,,
Tokemak,TOKE,25.32,6123881,2014-09-03 00:00:00 UTC,292863833,,,
Nano,XNO,2.2,109830513,2014-09-04 00:00:00 UTC,292516870,,,
Tenset,10SET,3.3,3059468,2014-09-05 00:00:00 UTC,289328276,,,
PlayDapp,PLA,0.797778,17641285,2014-09-06 00:00:00 UTC,288940736,,,
SafeMoon [OLD],SAFEMOON,5.06E-07,3503.42,2014-09-07 00:00:00 UTC,277800683,,,
Ronin,RON,1.86,2243276,2014-09-08 00:00:00 UTC,276423433,,,
Persistence,XPRT,3.3,2580206,2014-09-09 00:00:00 UTC,273550379,,,
Radio Caca,RACA,0.001341144,15540182,2014-09-10 00:00:00 UTC,273386276,,,
Pirate Chain,ARRR,1.44,1431339,03/16/2022,269625697,,,
MAI,MIMATIC,0.99909,11703582,03/16/2022,269555684,,,
Casper Network,CSPR,0.063408018,11186869,03/16/2022,262580070,,,
Everscale,EVER,0.191627,6416.99,03/16/2022,261949792,,,
SXP,SXP,1.34,71885529,03/16/2022,258788391,,,
Floki Inu,FLOKI,2.83E-05,6481180,03/16/2022,257703958,,,
Zenon,ZNN,5.35,42667.91,03/16/2022,257245207,,,
Injective,INJ,5.33,16026155,03/16/2022,256116913,,,
MXC,MXC,0.104299,21346445,03/16/2022,255853059,,,
WINkLink,WIN,0.000266334,126343198,03/16/2022,255157055,,,
WazirX,WRX,0.558123,7071983,03/16/2022,254216018,,,
Perpetual Protocol,PERP,3.85,8343005,03/16/2022,251018197,,,
Mobox,MBOX,2.04,38070293,03/16/2022,250469440,,,
Astroport,ASTRO,2.02,5991169,03/16/2022,249658255,,,
Trust Wallet Token,TWT,0.721272,45061838,03/16/2022,248213542,,,
Serum,SRM,1.87,40405418,03/16/2022,247791442,,,
Coin98,C98,1.34,52212880,03/16/2022,247303702,,,
Mirror Protocol,MIR,1.71,109251651,03/16/2022,247146075,,,
Zipmex Token,ZMT,2.79,14206660,03/16/2022,246790193,,,
Tribe,TRIBE,0.543192,8017450,03/16/2022,246535822,,,
VVS Finance,VVS,2.23E-05,3849460,03/16/2022,235411080,,,
Metahero,HERO,0.045156504,8366250,03/16/2022,233755062,,,
Creditcoin,CTC,1.14,3179625,03/16/2022,233390471,,,
Lido Staked SOL,STSOL,87.91,4624558,03/16/2022,233265607,,,
API3,API3,4.7,29731985,03/16/2022,230984150,,,
Escoin Token,ELG,3.37,685965,03/16/2022,228752259,,,
Function X,FX,0.488809,2065790,03/16/2022,228173732,,,
Raydium,RAY,2.51,33025947,03/16/2022,227133027,,,
CoinEx Token,CET,0.061152344,862651,03/16/2022,226665111,,,
Euro Tether,EURT,1.1,25282592,03/16/2022,226370344,,,
Fetch.ai,FET,0.327851,21546674,03/16/2022,224454559,,,
Dent,DENT,0.002351314,18982568,03/16/2022,223840664,,,
Chia,XCH,65.15,10252044,03/16/2022,221396095,,,
Status,SNT,0.056745128,7688360,03/16/2022,219753630,,,
Power Ledger,POWR,0.503878,32211271,03/16/2022,216689443,,,
Medibloc,MED,0.040119248,7724520,03/16/2022,215001420,,,
xSUSHI,XSUSHI,3.8,107293,03/16/2022,213613208,,,
Chromia,CHR,0.37938,58407751,03/16/2022,213564555,,,
Yield Guild Games,YGG,2.43,17537941,03/16/2022,212099797,,,
Telos,TLOS,0.819159,4398496,03/16/2022,212084558,,,
COTI,COTI,0.201515,15582614,03/16/2022,210898806,,,
Alchemix USD,ALUSD,0.997171,3032734,03/16/2022,208898318,,,
Celer Network,CELR,0.03706891,35862409,03/16/2022,208463091,,,
Orbs,ORBS,0.072194785,28204447,03/16/2022,208178410,,,
Vulcan Forged,PYR,8.73,38526780,03/16/2022,207895650,,,
Energy Web Token,EWT,4.91,2224285,03/16/2022,205388247,,,
Astar,ASTR,0.10323,7991761,03/16/2022,205235595,,,
Origin Protocol,OGN,0.434115,182478529,03/16/2022,205164994,,,
Cratos,CRTS,0.002952177,13535131,03/16/2022,203670465,,,
Ocean Protocol,OCEAN,0.469383,22022827,03/16/2022,202627972,,,
XYO Network,XYO,0.016347118,4569339,03/16/2022,202482367,,,
Dopex,DPX,1126.14,4629323,03/16/2022,200498616,,,
PLEX,PLEX,0.815228,15377424,03/16/2022,198958494,,,
LUKSO Token,LYXE,13.05,1147300,03/16/2022,198688328,,,
DAO Maker,DAO,2.19,3559341,03/16/2022,196210425,,,
Boba Network,BOBA,1.21,4382013,03/16/2022,192933914,,,
Mdex,MDX,0.223833,7274677,03/16/2022,192821569,,,
UFO Gaming,UFO,7.53E-06,5098371,03/16/2022,191533622,,,
Ardor,ARDR,0.192938,6272018,03/16/2022,191059042,,,
Pundi X,PUNDIX,0.740085,4296268,03/16/2022,190637766,,,
Mask Network,MASK,4.05,46857218,03/16/2022,189430950,,,
Kyber Network Crystal Legacy,KNCL,3.07,191301772,03/16/2022,189342359,,,
Interest Bearing Bitcoin,IBBTC,40647.97,3253.9,03/16/2022,187618251,,,
Coinmetro,XCM,0.609647,54700.31,03/16/2022,184318822,,,
MX Token,MX,1.86,380193,03/16/2022,184031159,,,
Reserve Rights Token,RSR,0.013806376,58160962,03/16/2022,182389151,,,
Radicle,RAD,4.43,5082786,03/16/2022,182383890,,,
Conflux,CFX,0.116231,4957635,03/16/2022,180397101,,,
Wonderland,TIME,196.83,1483133,03/16/2022,179963381,,,
XSGD,XSGD,0.73676,4120965,03/16/2022,179572544,,,
MiL.k Alliance,MLK,0.81278,6771412,03/16/2022,179537968,,,
Civic,CVC,0.268256,15009057,03/16/2022,179389403,,,
Unibright,UBT,1.18,2875621,03/16/2022,177414204,,,
Aragon,ANT,4.62,31404911,03/16/2022,176410722,,,
Yoshi.exchange,YOSHI,1.34,3113291,03/16/2022,173731724,,,
SuperFarm,SUPER,0.606166,15865086,03/16/2022,173202752,,,
Divi,DIVI,0.06259334,232874,03/16/2022,172881299,,,
BTSE Token,BTSE,8.42,1644847,03/16/2022,170044358,,,
GMX,GMX,22.78,3864455,03/16/2022,168867621,,,
Request,REQ,0.218404,18881863,03/16/2022,168625356,,,
Multichain,MULTI,9.19,1481745,03/16/2022,168453270,,,
Ergo,ERG,3.26,945449,03/16/2022,168320273,,,
Rari Governance Token,RGT,14.92,590959,03/16/2022,167699043,,,
FEG Token BSC,FEG,3.98E-09,505356,03/16/2022,166612893,,,
Alchemy Pay,ACH,0.040564969,9350241,03/16/2022,166194387,,,
Numeraire,NMR,28.13,5247599,03/16/2022,165855215,,,
Power Cash,PRCH,0.00054874,107256,03/16/2022,164420955,,,
Moonriver,MOVR,48.85,23687001,03/16/2022,163974343,,,
sBTC,SBTC,40609.35,1195100,03/16/2022,162541982,,,
Cartesi,CTSI,0.311626,16935581,03/16/2022,161866858,,,
JOE,JOE,0.883671,8255024,03/16/2022,161542087,,,
Veritaseum,VERI,75.29,128316,03/16/2022,161292251,,,
Bifrost,BFC,0.149179,1366910,03/16/2022,157313585,,,
inSure DeFi,SURE,0.005989953,1229192,03/16/2022,156870603,,,
Aurora,AURORA,6.85,1292731,03/16/2022,155499279,,,
AscendEx Token,ASD,0.210282,2234800,03/16/2022,154656421,,,
Reef Finance,REEF,0.008455524,21823319,03/16/2022,153505883,,,
World Mobile Token,WMT,0.656382,1215991,03/16/2022,153058923,,,
Mango,MNGO,0.148804,535237,03/16/2022,152354623,,,
Beldex,BDX,0.101366,172723,03/16/2022,152144019,,,
Poollotto.finance,PLT,17.61,737205,03/16/2022,152110576,,,
Biconomy,BICO,1.31,29389338,03/16/2022,151360962,,,
FEG Token,FEG,3.71E-09,1093047,03/16/2022,151073649,,,
BNB48 Club Token,KOGE,75.36,,03/16/2022,151006279,,,
Ion,ION,7053.41,100410,03/16/2022,150512232,,,
MMFinance,MMF,1.1,41252022,03/16/2022,150442869,,,
Origin Dollar,OUSD,0.993428,886336,03/16/2022,150338408,,,
Verge,XVG,0.00912706,4578538,03/16/2022,149908633,,,
Kishu Inu,KISHU,1.54E-09,7104908,03/16/2022,149823531,,,
Band Protocol,BAND,3.62,25806815,03/16/2022,149778191,,,
Tokamak Network,TON,3.57,2216118,03/16/2022,149004019,,,
Storj,STORJ,1.04,29384442,03/16/2022,147999404,,,
VeThor Token,VTHO,0.003245193,5301268,03/16/2022,147086117,,,
USDX,USDX,0.969027,876536,03/16/2022,146788183,,,
OriginTrail,TRAC,0.400529,2381151,03/16/2022,146343514,,,
Merit Circle,MC,2.09,25892084,03/16/2022,146317069,,,
aelf,ELF,0.318783,12922826,03/16/2022,145914636,,,
Akash Network,AKT,1.09,1755865,03/16/2022,145104697,,,
GPEX,GPX,3.83,179427,03/16/2022,144648026,,,
StarLink,STARL,1.44E-05,13867876,03/16/2022,143867182,,,
Pundi X [OLD],NPXS,0.000600992,0,03/16/2022,142146180,,,
Acala,ACA,1.1,13275096,03/16/2022,140584940,,,
Orchid Protocol,OXT,0.237795,12106980,03/16/2022,139760673,,,
Beta Finance,BETA,0.387492,18604900,03/16/2022,138948965,,,
Ark,ARK,0.834377,2749604,03/16/2022,137522294,,,
STASIS EURO,EURS,1.1,4643750,03/16/2022,136959838,,,
Magic,MAGIC,2.78,7430205,03/16/2022,136718105,,,
Keep3rV1,KP3R,360.63,22218089,03/16/2022,135437476,,,
Polkastarter,POLS,1.54,200132514,03/16/2022,135061007,,,
Hxro,HXRO,0.305377,133516,03/16/2022,133894630,,,
flexUSD,FLEXUSD,1.01,179309,03/16/2022,132954034,,,
Bezoge Earth,BEZOGE,3.05E-09,189402,03/16/2022,132913608,,,
MaidSafeCoin,MAID,0.29492,3041.72,03/16/2022,132775927,,,
Prometeus,PROM,7.96,1069360,03/16/2022,130200675,,,
Iron Bank EURO,IBEUR,1.08,95258.1,03/16/2022,130044220,,,
Metadium,META,0.076908862,32828560,03/16/2022,129878030,,,
Sperax,SPA,0.166557,464074,03/16/2022,129752776,,,
iExec RLC,RLC,1.81,6449965,03/16/2022,129524554,,,
DUSK Network,DUSK,0.325281,27805515,03/16/2022,129420731,,,
DEAPCOIN,DEP,0.027606423,5292541,03/16/2022,128916638,,,
StormX,STMX,0.013991864,2316593,03/16/2022,128800635,,,
RMRK,RMRK,13.65,4743523,03/16/2022,128405686,,,
Qredo,QRDO,2.55,23819831,03/16/2022,126060547,,,
Stratis,STRAX,0.931273,3193483,03/16/2022,125656753,,,
STP Network,STPT,0.085865789,11751380,03/16/2022,125461512,,,
Steem,STEEM,0.315524,6019119,03/16/2022,124507907,,,
Alpha Finance,ALPHA,0.279294,7405255,03/16/2022,124373230,,,
NKN,NKN,0.192439,9196680,03/16/2022,124009174,,,
RSK Infrastructure Framework,RIF,0.150149,1193005,03/16/2022,123524355,,,
Balancer,BAL,11.45,24421512,03/16/2022,123217404,,,
Dawn Protocol,DAWN,1.7,2418035,03/16/2022,122765002,,,
GXChain,GXC,1.64,11166637,03/16/2022,122187268,,,
Sun Token,SUN,0.011599572,35127631,03/16/2022,121791772,,,
Dero,DERO,10.86,810741,03/16/2022,120268451,,,
Kirobo,KIRO,0.126408,30233.26,03/16/2022,119964465,,,
Alien Worlds,TLM,0.09654588,44383919,03/16/2022,119120382,,,
Strike,STRK,37.95,9721665,03/16/2022,118658676,,,
Aavegotchi,GHST,1.95,28297857,03/16/2022,117328055,,,
Victoria VR,VR,0.144477,7068380,03/16/2022,117291824,,,
Ankr Reward-Bearing Staked ETH,AETHC,2196.39,1309490,03/16/2022,116894099,,,
Decentral Games,DG,0.306293,854759,03/16/2022,116422219,,,
Meerkat Shares,MSHARE,12965.17,8304162,03/16/2022,115928010,,,
FUNToken,FUN,0.010933267,853332,03/16/2022,115804492,,,
THORChain (ERC20),RUNE,7.15,1838591,03/16/2022,115794807,,,
TrueFi,TRU,0.180166,9656824,03/16/2022,115725924,,,
agEUR,AGEUR,1.1,3811883,03/16/2022,115711833,,,
sETH2,SETH2,2740.47,19698.74,03/16/2022,114815124,,,
Maple,MPL,25.38,3006803,03/16/2022,114666914,,,
Spookyswap,BOO,12.83,5125254,03/16/2022,114555634,,,
AIOZ Network,AIOZ,0.237396,13715452,03/16/2022,114207956,,,
Tomb Shares,TSHARE,2920.47,10610367,03/16/2022,113643147,,,
Beefy.Finance,BIFI,1455.73,1429792,03/16/2022,112999254,,,
TitanSwap,TITAN,1.13,24704.16,03/16/2022,112504097,,,
Phantasma,SOUL,1.08,2762350,03/16/2022,112079479,,,
Tornado Cash,TORN,47.91,10096292,03/16/2022,111960444,,,
Alchemix,ALCX,95.14,8581305,03/16/2022,111651916,,,
DODO,DODO,0.391699,53854854,03/16/2022,111498427,,,
Hoo Token,HOO,1.34,8376366,03/16/2022,111488236,,,
BTC Standard Hashrate Token,BTCST,15.38,10770376,03/16/2022,110711281,,,
KardiaChain,KAI,0.03310605,3633167,03/16/2022,110596002,,,
Klever,KLV,0.021137783,4429411,03/16/2022,109983784,,,
Orion Protocol,ORN,3.13,10611478,03/16/2022,108618470,,,
BENQI Liquid Staked AVAX,SAVAX,73.3,232010,03/16/2022,108588792,,,
PlatON Network,LAT,0.045411075,4190176,03/16/2022,108434635,,,
Hathor,HTR,0.479597,3389005,03/16/2022,108345431,,,
Kava Swap,SWP,1.81,1850449,03/16/2022,107989085,,,
Proton,XPR,0.01097843,4912504,03/16/2022,107238670,,,
Utrust,UTK,0.233365,6103029,03/16/2022,107165105,,,
Regen,REGEN,0.862787,113190,03/16/2022,106505797,,,
My Neighbor Alice,ALICE,6.07,99300009,03/16/2022,105126141,,,
BakerySwap,BAKE,0.548429,11013168,03/16/2022,104901896,,,
QuarkChain,QKC,0.015632618,2276212,03/16/2022,103653419,,,
Hydra,HYDRA,8.93,444955,03/16/2022,103576699,,,
TomoChain,TOMO,1.17,5201034,03/16/2022,103142455,,,
Pylon Protocol,MINE,0.053553942,1026416,03/16/2022,102790559,,,
Ellipsis,EPS,0.164725,8159278,03/16/2022,102630468,,,
Venus,XVS,8.52,7769662,03/16/2022,102446263,,,
Railgun,RAIL,1.78,448935,03/16/2022,102343090,,,
Seedify.fund,SFUND,4.33,3442729,03/16/2022,102337446,,,
Hermez Network,HEZ,6.09,105821,03/16/2022,102164945,,,
Alpine F1 Team Fan Token,ALPINE,8.76,153521893,03/16/2022,99922202,,,
ICHI,ICHI,22.69,910181,03/16/2022,99403281,,,
JasmyCoin,JASMY,0.021231711,480261670,03/16/2022,99367227,,,
CRYPTO20,C20,2.94,53097.41,03/16/2022,98979226,,,
Decentral Games Governance,XDG,0.32163,121569,03/16/2022,98858963,,,
Metal,MTL,1.52,12492929,03/16/2022,98095635,,,
Wilder World,WILD,1.17,4735954,03/16/2022,97124495,,,
Wrapped Centrifuge,WCFG,0.486023,1702240,03/16/2022,97035126,,,
Bitcoin Diamond,BCD,0.515751,823683,03/16/2022,96592411,,,
cBAT,CBAT,0.013887823,,03/16/2022,96585801,,,
sUSD,SUSD,0.995877,8450530,03/16/2022,95584478,,,
sETH,SETH,2732.47,5049393,03/16/2022,95094991,,,
Bounce,AUCTION,13.1,1741028,03/16/2022,94296802,,,
Augur,REP,13.43,7904878,03/16/2022,93213520,,,
Verasity,VRA,0.020985885,58902495,03/16/2022,92248152,,,
Neutrino System Base Token,NSBT,36.47,365249,03/16/2022,92043237,,,
Platypus Finance,PTP,4.82,2928863,03/16/2022,91532885,,,
Ampleforth,AMPL,1.12,9846521,03/16/2022,91484573,,,
Wanchain,WAN,0.473501,7300330,03/16/2022,91110234,,,
IDEX,IDEX,0.142817,22972045,03/16/2022,90978713,,,
Dopex Rebate Token,RDPX,101.45,3498225,03/16/2022,90554011,,,
Everipedia,IQ,0.00900614,3388475,03/16/2022,89718345,,,
ZoidPay,ZPAY,0.309582,200162,03/16/2022,89683955,,,
Electroneum,ETN,0.005086663,176858,03/16/2022,89440714,,,
KeeperDAO,ROOK,108.14,420336,03/16/2022,87457228,,,
cUNI,CUNI,0.177688,818771,03/16/2022,86960205,,,
Dvision Network,DVI,0.348705,893982,03/16/2022,85948342,,,
AllianceBlock,ALBT,0.222035,594392,03/16/2022,85612394,,,
Bonfida,FIDA,1.61,4391814,03/16/2022,85251644,,,
Adventure Gold,AGLD,1.1,57235927,03/16/2022,85075417,,,
Avalaunch,XAVA,3.78,709787,03/16/2022,84389747,,,
HUNT,HUNT,0.769839,72974143,03/16/2022,83873286,,,
Automata,ATA,0.367835,10518480,03/16/2022,83514063,,,
Banana,BANANA,18.71,550846,03/16/2022,83416764,,,
chrono.tech,TIME,118.16,295233,03/16/2022,83232136,,,
Celo Dollar,CUSD,0.999208,770929,03/16/2022,82951206,,,
CertiK,CTK,1.18,7896532,03/16/2022,82919242,,,
Adshares,ADS,3.46,1223986,03/16/2022,82839334,,,
DFI.money,YFII,2051.79,16874472,03/16/2022,81618922,,,
Gains Farm,GFARM2,2267.65,133497,03/16/2022,81067367,,,
Gitcoin,GTC,5.67,13047215,03/16/2022,80324424,,,
Biswap,BSW,0.357696,5174312,03/16/2022,80023062,,,
Clover Finance,CLV,0.305749,8210647,03/16/2022,79586374,,,
SafePal,SFP,0.733022,14792090,03/16/2022,78755589,,,
Enzyme,MLN,53.93,7197240,03/16/2022,78254927,,,
Crabada,CRA,0.908045,2532869,03/16/2022,78203679,,,
Covalent,CQT,0.308264,4464667,03/16/2022,78070115,,,
Aergo,AERGO,0.216541,8958942,03/16/2022,78030243,,,
Nerve Finance,NRV,0.017464923,37129.53,03/16/2022,77747624,,,
Swarm,BZZ,1.2,1500542,03/16/2022,77516525,,,
BENQI,QI,0.049616183,9851172,03/16/2022,77090931,,,
Somnium Space CUBEs,CUBE,5.9,223101,03/16/2022,76435550,,,
Rai Reflex Index,RAI,3.03,1012855,03/16/2022,76393616,,,
PEAKDEFI,PEAK,0.056409522,51980.14,03/16/2022,76293156,,,
Propy,PRO,1.31,1379488,03/16/2022,76264908,,,
Aurory,AURY,8.02,1527291,03/16/2022,76264310,,,
mStable USD,MUSD,0.999331,207110,03/16/2022,75247445,,,
bZx Protocol,BZRX,0.177963,16.65,03/16/2022,74186632,,,
ShapeShift FOX Token,FOX,0.273188,593740,03/16/2022,73980085,,,
SingularityNET,AGIX,0.084142124,868150,03/16/2022,73918145,,,
Handshake,HNS,0.156275,197146,03/16/2022,73747459,,,
Kin,KIN,4.11E-05,1152459,03/16/2022,73595419,,,
RIZON,ATOLO,0.035663494,331202,03/16/2022,72989274,,,
Vader Protocol,VADER,0.014381539,1480880,03/16/2022,72963217,,,
DeFi Pulse Index,DPI,155.37,207236,03/16/2022,72755648,,,
Sai,SAI,1,,03/16/2022,72643253,,,
Sovryn,SOV,3.43,406765,03/16/2022,72604865,,,
Badger DAO,BADGER,7.32,4125819,03/16/2022,72581913,,,
TempleDAO,TEMPLE,0.666697,1492924,03/16/2022,71996496,,,
Wrapped NXM,WNXM,26.65,3964149,03/16/2022,70945266,,,
Hifi Finance,MFT,0.007556118,58152200,03/16/2022,70736052,,,
Dock,DOCK,0.033479548,3240870,03/16/2022,70448413,,,
Sifchain,EROWAN,0.091107956,3841586,03/16/2022,70322023,,,
Retreeb,TREEB,0.225841,905540,03/16/2022,70125336,,,
Presearch,PRE,0.179852,598873,03/16/2022,70111160,,,
PlatonCoin,PLTC,0.640304,280435,03/16/2022,69590558,,,
Aave [OLD],LEND,1.36,5128.17,03/16/2022,69502548,,,
ShareToken,SHR,0.007189378,221837,03/16/2022,69453171,,,
Circuits of Value,COVAL,0.038262751,601191,03/16/2022,69008937,,,
Travala.com,AVA,1.33,3953320,03/16/2022,68723455,,,
Redacted Cartel,BTRFLY,114.27,580990,03/16/2022,68675140,,,
IRISnet,IRIS,0.055724268,6277598,03/16/2022,68613799,,,
ChainX,PCX,1.77,445046,03/16/2022,68530128,,,
Index Coop - ETH 2x Flexible Leverage Index,ETH2X-FLI,66.16,2344685,03/16/2022,68519516,,,
cVault.finance,CORE,6768.4,295513,03/16/2022,68514733,,,
ThunderCore,TT,0.007869638,13601229,03/16/2022,67862398,,,
OpenDAO,SOS,1.71E-06,14382323,03/16/2022,67555662,,,
Carry,CRE,0.007639549,15140717,03/16/2022,66948840,,,
ARPA Chain,ARPA,0.068515692,14838311,03/16/2022,66892485,,,
GuildFi,GF,1.54,7298293,03/16/2022,66370610,,,
EverRise,RISE,0.000950734,423218,03/16/2022,66340451,,,
SuperRare,RARE,0.458127,16421385,03/16/2022,66264262,,,
Oxygen,OXY,0.325739,464624,03/16/2022,65770433,,,
